UltraSearch Bericht, 14.10.2024  15:00
  


Ergebnisse 161 Objekte gefunden (112.692.760 Bytes)

Name;Ordnerpfad;Letzte Änderung;Größe;Dateiversion
"Devart.Data.PostgreSql.dll";"D:\GitRepos\basis.eureka-fach_ALT40\Kernanwendung\bin\Debug\";30.06.2022 14:27;1.207.256 Bytes;"8.0.0.0"
"Devart.Data.PostgreSql.dll";"D:\GitRepos\basis.eureka-fach_ALT29\Kernanwendung\bin\Debug\";14.01.2021 09:17;740.112 Bytes;"7.20.1812.0"
"Devart.Data.PostgreSql.dll";"D:\GitRepos\basis.eureka-fach_ALT3\Kernanwendung\bin\Debug\";14.01.2021 09:17;740.112 Bytes;"7.20.1812.0"
"Devart.Data.PostgreSql.dll";"D:\GitRepos\basis.eureka-fach_ALT55\Kernanwendung\bin\Debug\";30.06.2022 14:27;1.207.256 Bytes;"8.0.0.0"
"Devart.Data.PostgreSql.dll";"D:\GitRepos\basis.eureka-fach_ALT22\Kernanwendung\bin\Debug\";14.01.2021 09:17;740.112 Bytes;"7.20.1812.0"
"Devart.Data.PostgreSql.dll";"D:\GitRepos\basis.eureka-fach_ALT6\Kernanwendung\bin\Debug\";14.01.2021 09:17;740.112 Bytes;"7.20.1812.0"
"Devart.Data.PostgreSql.dll";"D:\EurekaFach\Komponenten\DevArt\";06.07.2020 10:08;1.107.112 Bytes;"7.11.1190.0"
"Devart.Data.PostgreSql.dll";"D:\GitRepos\basis.eureka-fach_ALT5\Kernanwendung\bin\Debug\";14.01.2021 09:17;740.112 Bytes;"7.20.1812.0"
"Devart.Data.PostgreSql.dll";"D:\EurekaFach\Test-Projekte\EFStatistikTestGUI\EFStatistik\bin\Debug\";19.07.2018 01:25;1.107.112 Bytes;"7.11.1190.0"
"Devart.Data.PostgreSql.dll";"D:\GitRepos\basis.eureka-fach_ALT7\Kernanwendung\bin\Debug\";14.01.2021 09:17;740.112 Bytes;"7.20.1812.0"
"Devart.Data.PostgreSql.dll";"D:\GitRepos\ef-tools.tools\EF-Tools\KassenSchnittstelle\Bibliotheken\";08.09.2021 11:22;1.107.112 Bytes;"7.11.1190.0"
"Devart.Data.PostgreSql.dll";"D:\GitRepos\basis.eureka-fach_ALT38\Kernanwendung\bin\Release\";30.06.2022 14:27;1.207.256 Bytes;"8.0.0.0"
"Devart.Data.PostgreSql.dll";"G:\Skriptkiste\PowerShell\Projekte\EF\";30.10.2020 09:53;1.107.112 Bytes;"7.11.1190.0"
"Devart.Data.PostgreSql.dll";"D:\EurekaFach\EFDALTest\bin\Debug\";10.02.2021 14:01;1.107.112 Bytes;"7.11.1190.0"
"Devart.Data.PostgreSql.dll";"D:\GitRepos\basis.eureka-fach_ALT56\Kernanwendung\bin\Debug\";14.11.2023 14:48;1.136.808 Bytes;"8.2.0.0"
"Devart.Data.PostgreSql.dll";"D:\GitRepos\basis.eureka-fach_ALT24\Kernanwendung\bin\Debug\";14.01.2021 09:17;740.112 Bytes;"7.20.1812.0"
"Devart.Data.PostgreSql.dll";"D:\GitRepos\RuntimeDateien\DevArt\7.20\";14.01.2021 09:17;740.112 Bytes;"7.20.1812.0"
"Devart.Data.PostgreSql.dll";"D:\EurekaFach\Test-Projekte\EFStatistikTestGUI\EFStatistikTestGUI\bin\Debug\";19.07.2018 01:25;1.107.112 Bytes;"7.11.1190.0"
"Devart.Data.PostgreSql.dll";"D:\GitRepos\basis.eureka-fach_ALT16\Kernanwendung\bin\Debug\";14.01.2021 09:17;740.112 Bytes;"7.20.1812.0"
"Devart.Data.PostgreSql.dll";"D:\GitRepos\basis.eureka-fach_ALT51\Kernanwendung\bin\Debug\";30.06.2022 14:27;1.207.256 Bytes;"8.0.0.0"
"Devart.Data.PostgreSql.dll";"D:\GitRepos\basis.eureka-fach_ALT38\Kernanwendung\bin\Debug\";30.06.2022 14:27;1.207.256 Bytes;"8.0.0.0"
"Devart.Data.PostgreSql.dll";"D:\GitRepos\EurekaFach-RibbonEx\Kernanwendung\bin\Debug\";30.06.2022 14:27;1.207.256 Bytes;"8.0.0.0"
"Devart.Data.PostgreSql.dll";"D:\GitRepos\basis.eureka-fach_ALT34\Kernanwendung\bin\Debug\";30.06.2022 14:27;1.207.256 Bytes;"8.0.0.0"
"Devart.Data.PostgreSql.dll";"D:\GitRepos\basis.eureka-fach_ALT1\Menutest\Menutest\Menutest\bin\Debug\";07.12.2020 13:16;1.107.112 Bytes;"7.11.1190.0"
"Devart.Data.PostgreSql.dll";"D:\GitRepos\menueumstellung\Kernanwendung\bin\Debug\";06.07.2020 10:08;1.107.112 Bytes;"7.11.1190.0"
"Devart.Data.PostgreSql.dll";"D:\GitRepos\basis.eureka-fach_ALT44\Kernanwendung\bin\Debug\";30.06.2022 14:27;1.207.256 Bytes;"8.0.0.0"
"Devart.Data.PostgreSql.dll";"D:\GitRepos\basis.eureka-fach_ALT23\Kernanwendung\bin\Debug\";14.01.2021 09:17;740.112 Bytes;"7.20.1812.0"
"Devart.Data.PostgreSql.dll";"D:\EurekaFach\EF-Async\Kernanwendung\bin\Debug\";30.06.2022 14:27;1.207.256 Bytes;"8.0.0.0"
"Devart.Data.PostgreSql.dll";"D:\GitRepos\basis.eureka-fach_ALT8\Kernanwendung\bin\Debug\";14.01.2021 09:17;740.112 Bytes;"7.20.1812.0"
"Devart.Data.PostgreSql.dll";"D:\GitRepos\basis.eureka-fach_ALT48\Kernanwendung\bin\Debug\";30.06.2022 14:27;1.207.256 Bytes;"8.0.0.0"
"Devart.Data.PostgreSql.dll";"D:\GitRepos\ef-tools.tools\EF-Tools\SaalAnzeige\bin\Debug\";08.09.2021 11:22;1.107.112 Bytes;"7.11.1190.0"
"Devart.Data.PostgreSql.dll";"D:\GitRepos\basis.eureka-fach_VOR_RF_1\Kernanwendung\bin\Debug\";14.11.2023 14:48;1.136.808 Bytes;"8.2.0.0"
"Devart.Data.PostgreSql.dll";"D:\GitRepos\basis.eureka-fach_ALT50\Kernanwendung\bin\Debug\";30.06.2022 14:27;1.207.256 Bytes;"8.0.0.0"
"Devart.Data.PostgreSql.dll";"D:\GitRepos\basis.eureka-fach_ALT36\Kernanwendung\bin\Debug\";30.06.2022 14:27;1.207.256 Bytes;"8.0.0.0"
"Devart.Data.PostgreSql.dll";"D:\GitRepos\basis.eureka-fach_ALT54\Kernanwendung\bin\Debug\";30.06.2022 14:27;1.207.256 Bytes;"8.0.0.0"
"Devart.Data.PostgreSql.dll";"D:\Assemblies\DevArt\7.11.1190\";06.07.2020 10:08;1.107.112 Bytes;"7.11.1190.0"
"Devart.Data.PostgreSql.dll";"D:\EurekaFach\Test-Projekte\SGReportTest\bin\Release\";07.12.2020 13:16;1.107.112 Bytes;"7.11.1190.0"
"Devart.Data.PostgreSql.dll";"D:\GitRepos\basis.eureka-fach_ALT21\Kernanwendung\bin\Debug\";14.01.2021 09:17;740.112 Bytes;"7.20.1812.0"
"Devart.Data.PostgreSql.dll";"D:\GitRepos\basis.eureka-fach_RubrumDataRow\Kernanwendung\bin\Debug\";14.11.2023 14:48;1.136.808 Bytes;"8.2.0.0"
"Devart.Data.PostgreSql.dll";"D:\GitRepos\basis.eureka-fach_ALT27\Kernanwendung\bin\Debug\";14.01.2021 09:17;740.112 Bytes;"7.20.1812.0"
"Devart.Data.PostgreSql.dll";"D:\GitRepos\basis.eureka-fach_ALT32\Kernanwendung\bin\Debug\";14.01.2021 09:17;740.112 Bytes;"7.20.1812.0"
"Devart.Data.PostgreSql.dll";"D:\GitRepos\basis.eureka-fach_ALT53\Kernanwendung\bin\Debug\";30.06.2022 14:27;1.207.256 Bytes;"8.0.0.0"
"Devart.Data.PostgreSql.dll";"D:\GitRepos\ef-tools.tools\EF-Tools\jukos\bin\Debug\";08.09.2021 11:22;1.107.112 Bytes;"7.11.1190.0"
"Devart.Data.PostgreSql.dll";"G:\2023\EFDatabaseUpdate\Assemblies\";30.06.2022 12:23;1.088.984 Bytes;"8.0.0.0"
"Devart.Data.PostgreSql.dll";"G:\2023\EFPlausiChecker\Assemblies\";30.06.2022 12:23;1.088.984 Bytes;"8.0.0.0"
"Devart.Data.PostgreSql.dll";"D:\GitRepos\ef-tools.tools\EF-Tools\KassenSchnittstelle\bin\Debug\";08.09.2021 11:22;1.107.112 Bytes;"7.11.1190.0"
"Devart.Data.PostgreSql.dll";"D:\GitRepos\basis.eureka-fach_ALT11\Kernanwendung\bin\Debug\";14.01.2021 09:17;740.112 Bytes;"7.20.1812.0"
"Devart.Data.PostgreSql.dll";"D:\GitRepos\basis.eureka-fach_ALT43\Kernanwendung\bin\Debug\";30.06.2022 14:27;1.207.256 Bytes;"8.0.0.0"
"Devart.Data.PostgreSql.dll";"D:\GitRepos\basis.eureka-fach\Kernanwendung\bin\Debug\";14.11.2023 14:48;1.136.808 Bytes;"8.2.0.0"
"Devart.Data.PostgreSql.dll";"D:\GitRepos\basis.eureka-fach_ALT18\Kernanwendung\bin\Debug\";14.01.2021 09:17;740.112 Bytes;"7.20.1812.0"
"Devart.Data.PostgreSql.dll";"D:\GitRepos\basis.eureka-fach_ALT57\Kernanwendung\bin\Debug\";14.11.2023 14:48;1.136.808 Bytes;"8.2.0.0"
"Devart.Data.PostgreSql.dll";"D:\GitRepos\basis.eureka-fach_ALT31\Kernanwendung\bin\Debug\";14.01.2021 09:17;740.112 Bytes;"7.20.1812.0"
"Devart.Data.PostgreSql.dll";"D:\GitRepos\RibbonUmstellung_ALT1\Kernanwendung\bin\Debug\";06.07.2020 10:08;1.107.112 Bytes;"7.11.1190.0"
"Devart.Data.PostgreSql.dll";"D:\Transfer\EF-Runtime\";30.06.2022 14:27;1.207.256 Bytes;"8.0.0.0"
"Devart.Data.PostgreSql.dll";"D:\GitRepos\ef-tools.tools\EF-Tools\SaalAnzeige\Bibliotheken\";08.09.2021 11:22;1.107.112 Bytes;"7.11.1190.0"
"Devart.Data.PostgreSql.dll";"D:\Assemblies\DevArt\7.20.1812\";14.01.2021 09:17;740.112 Bytes;"7.20.1812.0"
"Devart.Data.PostgreSql.dll";"D:\GitRepos\basis.eureka-fach_ALT10\Kernanwendung\bin\Debug\New Folder With Items\";14.01.2021 09:17;740.112 Bytes;"7.20.1812.0"
"Devart.Data.PostgreSql.dll";"D:\Transfer\EA-Assemblies\";30.06.2022 14:27;1.207.256 Bytes;"8.0.0.0"
"Devart.Data.PostgreSql.dll";"D:\GitRepos\basis.eureka-fach_ALT45\Kernanwendung\bin\Debug\";30.06.2022 14:27;1.207.256 Bytes;"8.0.0.0"
"Devart.Data.PostgreSql.dll";"D:\GitRepos\RuntimeDateien\DevArt\8.2.0\";14.11.2023 14:49;1.145.000 Bytes;"8.2.0.0"
"Devart.Data.PostgreSql.dll";"D:\GitRepos\basis.eureka-fach_ALT33\Kernanwendung\bin\Debug\";14.01.2021 09:17;740.112 Bytes;"7.20.1812.0"
"Devart.Data.PostgreSql.dll";"D:\GitRepos\basis.eureka-fach_ALT46\Kernanwendung\bin\Debug\";30.06.2022 14:27;1.207.256 Bytes;"8.0.0.0"
"Devart.Data.PostgreSql.dll";"D:\GitRepos\basis.eureka-fach_ALT42\Kernanwendung\bin\Debug\";30.06.2022 14:27;1.207.256 Bytes;"8.0.0.0"
"Devart.Data.PostgreSql.dll";"D:\GitRepos\basis.eureka-fach_ALT41\Kernanwendung\bin\Debug\";30.06.2022 14:27;1.207.256 Bytes;"8.0.0.0"
"Devart.Data.PostgreSql.dll";"G:\basis.eureka-fach_ALT2\Menutest\Menutest\Menutest\bin\Debug\";11.06.2019 09:38;1.107.112 Bytes;"7.11.1190.0"
"Devart.Data.PostgreSql.dll";"D:\GitRepos\basis.eureka-fach_ALT26\Kernanwendung\bin\Debug\";14.01.2021 09:17;740.112 Bytes;"7.20.1812.0"
"Devart.Data.PostgreSql.dll";"D:\GitRepos\basis.eureka-fach_ALT12\Kernanwendung\bin\Debug\";14.01.2021 09:17;740.112 Bytes;"7.20.1812.0"
"Devart.Data.PostgreSql.dll";"D:\GitRepos\basis.eureka-fach_ALT20\Kernanwendung\bin\Debug\";14.01.2021 09:17;740.112 Bytes;"7.20.1812.0"
"Devart.Data.PostgreSql.dll";"D:\GitRepos\basis.eureka-fach_ALT15\Kernanwendung\bin\Debug\";14.01.2021 09:17;740.112 Bytes;"7.20.1812.0"
"Devart.Data.PostgreSql.dll";"D:\GitRepos\basis.eureka-fach_ALT19\Kernanwendung\bin\Debug\";14.01.2021 09:17;740.112 Bytes;"7.20.1812.0"
"Devart.Data.PostgreSql.dll";"D:\EF.NET\";30.06.2022 14:27;1.207.256 Bytes;"8.0.0.0"
"Devart.Data.PostgreSql.dll";"D:\GitRepos\basis.eureka-fach_ALT35\Kernanwendung\bin\Debug\";30.06.2022 14:27;1.207.256 Bytes;"8.0.0.0"
"Devart.Data.PostgreSql.dll";"D:\GitRepos\basis.eureka-fach - Ora\Kernanwendung\bin\Debug\";30.06.2022 14:27;1.207.256 Bytes;"8.0.0.0"
"Devart.Data.PostgreSql.dll";"D:\GitRepos\basis.eureka-fach_ALT30\Kernanwendung\bin\Debug\";14.01.2021 09:17;740.112 Bytes;"7.20.1812.0"
"Devart.Data.PostgreSql.dll";"D:\GitRepos\basis.eureka-fach_ALT2\KernAnwendung\bin\Debug\";10.02.2021 14:01;1.107.112 Bytes;"7.11.1190.0"
"Devart.Data.PostgreSql.dll";"D:\GitRepos\basis.eureka-fach_ALT9\Kernanwendung\bin\Debug\";14.01.2021 09:17;740.112 Bytes;"7.20.1812.0"
"Devart.Data.PostgreSql.dll";"D:\GitRepos\basis.eureka-fach_ALT25\Kernanwendung\bin\Debug\";14.01.2021 09:17;740.112 Bytes;"7.20.1812.0"
"Devart.Data.PostgreSql.dll";"D:\GitRepos\ef-tools.bibliotheken\Project_EF-Bibliotheken\EF_DAL\assembly\";26.01.2022 11:13;1.107.112 Bytes;"7.11.1190.0"
"Devart.Data.PostgreSql.dll";"D:\GitRepos\basis.eureka-fach_RF1\Kernanwendung\bin\Debug\";14.11.2023 14:48;1.136.808 Bytes;"8.2.0.0"
"Devart.Data.PostgreSql.dll";"G:\basis.eureka-fach_ALT1\Menutest\Menutest\Menutest\bin\Debug\";11.06.2019 09:38;1.107.112 Bytes;"7.11.1190.0"
"Devart.Data.PostgreSql.dll";"D:\GitRepos\basis.eureka-fach_ALT17\Kernanwendung\bin\Debug\";14.01.2021 09:17;740.112 Bytes;"7.20.1812.0"
"Devart.Data.PostgreSql.dll";"D:\GitRepos\ef-tools.tools\EF-Tools\jukos\Bibliotheken\";08.09.2021 11:22;1.107.112 Bytes;"7.11.1190.0"
"Devart.Data.PostgreSql.dll";"D:\EurekaFach\Test-Projekte\EFDALTest_ALT\bin\Debug\";19.07.2018 01:25;1.107.112 Bytes;"7.11.1190.0"
"Devart.Data.PostgreSql.dll";"D:\GitRepos\ef-tools.tools\EF-Tools\Reorgsql\bin\Debug\";08.09.2021 11:22;1.107.112 Bytes;"7.11.1190.0"
"Devart.Data.PostgreSql.dll";"D:\GitRepos\basis.eureka-fach_ALT13\Kernanwendung\bin\Debug\";14.01.2021 09:17;740.112 Bytes;"7.20.1812.0"
"Devart.Data.PostgreSql.dll";"D:\GitRepos\basis.eureka-fach_ALT3\RuntimeDateien\DevArt\";02.06.2021 09:01;1.107.112 Bytes;"7.11.1190.0"
"Devart.Data.PostgreSql.dll";"D:\EurekaFach\EFRuntimeDateien\";10.02.2021 14:01;1.107.112 Bytes;"7.11.1190.0"
"Devart.Data.PostgreSql.dll";"D:\GitRepos\basis.eureka-fach_ALT49\Kernanwendung\bin\Debug\";30.06.2022 14:27;1.207.256 Bytes;"8.0.0.0"
"Devart.Data.PostgreSql.dll";"D:\GitRepos\ef-tools.tools\EF-Tools\ArbeitsgerichtsStatistik\bin\Debug\";08.09.2021 11:22;1.107.112 Bytes;"7.11.1190.0"
"Devart.Data.PostgreSql.dll";"D:\GitRepos\basis.eureka-fach_ALT39\Kernanwendung\bin\Debug\";30.06.2022 14:27;1.207.256 Bytes;"8.0.0.0"
"Devart.Data.PostgreSql.dll";"D:\GitRepos\basis.eureka-fach_ALT47\Kernanwendung\bin\Debug\";30.06.2022 14:27;1.207.256 Bytes;"8.0.0.0"
"Devart.Data.PostgreSql.dll";"D:\GitRepos\basis.eureka-fach_ALT37\Kernanwendung\bin\Debug\";30.06.2022 14:27;1.207.256 Bytes;"8.0.0.0"
"Devart.Data.PostgreSql.dll";"D:\GitRepos\basis.eureka-fach_ALT28\Kernanwendung\bin\Debug\";14.01.2021 09:17;740.112 Bytes;"7.20.1812.0"
"Devart.Data.PostgreSql.dll";"D:\GitRepos\ef-tools.tools\EF-Tools\ArbeitsgerichtsStatistik\Bibliotheken\";08.09.2021 11:22;1.107.112 Bytes;"7.11.1190.0"
"Devart.Data.PostgreSql.dll";"D:\eIPProxy_ALT\";30.06.2022 14:27;1.207.256 Bytes;"8.0.0.0"
"Devart.Data.PostgreSql.dll";"D:\Assemblies\DevArt\8.0.0\";30.06.2022 14:28;1.240.024 Bytes;"8.0.0.0"
"Devart.Data.PostgreSql.dll";"D:\EurekaFach\EFDALLib\bin\Debug\";10.02.2021 14:01;1.107.112 Bytes;"7.11.1190.0"
"Devart.Data.PostgreSql.dll";"D:\GitRepos\basis.eureka-fach_ALT52\Kernanwendung\bin\Debug\";30.06.2022 14:27;1.207.256 Bytes;"8.0.0.0"
"Devart.Data.PostgreSql.dll";"D:\GitRepos\basis.eureka-fach_ALT14\Kernanwendung\bin\Debug\";14.01.2021 09:17;740.112 Bytes;"7.20.1812.0"
"Devart.Data.PostgreSql.dll";"D:\GitRepos\RuntimeDateien\DevArt\7.12\";07.12.2020 13:16;1.107.112 Bytes;"7.11.1190.0"
"Devart.Data.PostgreSql.dll";"G:\basis.eureka-fach_ALT2\RuntimeDateien\";11.06.2019 09:38;1.107.112 Bytes;"7.11.1190.0"
"Devart.Data.PostgreSql.dll";"G:\Skriptkiste\PowerShell\Datenbanken\EF-Projekt\Assemblies\";03.01.2024 12:25;1.088.984 Bytes;"8.0.0.0"
"Devart.Data.PostgreSql.dll";"C:\Program Files (x86)\Common Files\Devart\dotConnect\NET2\";14.11.2023 14:48;1.136.808 Bytes;"8.2.0.0"
"Devart.Data.PostgreSql.dll";"C:\Program Files (x86)\Common Files\Devart\dotConnect\NET4\";14.11.2023 14:49;1.145.000 Bytes;"8.2.0.0"
"Devart.Data.PostgreSql.dll";"C:\Program Files\Common Files\Devart\dotConnect\NET2\";14.11.2023 14:48;1.136.808 Bytes;"8.2.0.0"
"Devart.Data.PostgreSql.dll";"C:\Program Files\eIPProxy\";30.06.2022 14:27;1.207.256 Bytes;"8.0.0.0"
"Devart.Data.PostgreSql.dll";"C:\Program Files (x86)\Devart\dotConnect\PostgreSQL\";14.11.2023 14:48;1.136.808 Bytes;"8.2.0.0"
"Devart.Data.PostgreSql.dll";"C:\Program Files (x86)\Devart\dotConnect\PostgreSQL\NET4\";14.11.2023 14:49;1.145.000 Bytes;"8.2.0.0"
"policy.8.2.Devart.Data.PostgreSql.dll";"C:\ProgramData\Devart\dotConnect\PostgreSQL\";14.11.2023 14:49;3.072 Bytes;"8.2.0.0"
"policy.8.1.Devart.Data.PostgreSql.dll";"C:\ProgramData\Devart\dotConnect\PostgreSQL\";14.11.2023 14:49;3.072 Bytes;"8.2.0.0"
"policy.8.0.Devart.Data.PostgreSql.dll";"C:\ProgramData\Devart\dotConnect\PostgreSQL\";14.11.2023 14:49;3.072 Bytes;"8.2.0.0"
"policy.7.25.Devart.Data.PostgreSql.dll";"C:\ProgramData\Devart\dotConnect\PostgreSQL\";14.11.2023 14:49;3.072 Bytes;"8.2.0.0"
"policy.7.24.Devart.Data.PostgreSql.dll";"C:\ProgramData\Devart\dotConnect\PostgreSQL\";14.11.2023 14:49;3.072 Bytes;"8.2.0.0"
"policy.7.23.Devart.Data.PostgreSql.dll";"C:\ProgramData\Devart\dotConnect\PostgreSQL\";14.11.2023 14:49;3.072 Bytes;"8.2.0.0"
"policy.7.22.Devart.Data.PostgreSql.dll";"C:\ProgramData\Devart\dotConnect\PostgreSQL\";14.11.2023 14:49;3.072 Bytes;"8.2.0.0"
"policy.7.21.Devart.Data.PostgreSql.dll";"C:\ProgramData\Devart\dotConnect\PostgreSQL\";14.11.2023 14:49;3.072 Bytes;"8.2.0.0"
"policy.7.20.Devart.Data.PostgreSql.dll";"C:\ProgramData\Devart\dotConnect\PostgreSQL\";14.11.2023 14:49;3.072 Bytes;"8.2.0.0"
"policy.7.19.Devart.Data.PostgreSql.dll";"C:\ProgramData\Devart\dotConnect\PostgreSQL\";14.11.2023 14:49;3.072 Bytes;"8.2.0.0"
"policy.7.18.Devart.Data.PostgreSql.dll";"C:\ProgramData\Devart\dotConnect\PostgreSQL\";14.11.2023 14:49;3.072 Bytes;"8.2.0.0"
"policy.7.17.Devart.Data.PostgreSql.dll";"C:\ProgramData\Devart\dotConnect\PostgreSQL\";14.11.2023 14:49;3.072 Bytes;"8.2.0.0"
"policy.7.16.Devart.Data.PostgreSql.dll";"C:\ProgramData\Devart\dotConnect\PostgreSQL\";14.11.2023 14:49;3.072 Bytes;"8.2.0.0"
"policy.7.15.Devart.Data.PostgreSql.dll";"C:\ProgramData\Devart\dotConnect\PostgreSQL\";14.11.2023 14:49;3.072 Bytes;"8.2.0.0"
"policy.7.14.Devart.Data.PostgreSql.dll";"C:\ProgramData\Devart\dotConnect\PostgreSQL\";14.11.2023 14:49;3.072 Bytes;"8.2.0.0"
"policy.7.13.Devart.Data.PostgreSql.dll";"C:\ProgramData\Devart\dotConnect\PostgreSQL\";14.11.2023 14:49;3.072 Bytes;"8.2.0.0"
"policy.7.12.Devart.Data.PostgreSql.dll";"C:\ProgramData\Devart\dotConnect\PostgreSQL\";14.11.2023 14:49;3.072 Bytes;"8.2.0.0"
"policy.7.11.Devart.Data.PostgreSql.dll";"C:\ProgramData\Devart\dotConnect\PostgreSQL\";14.11.2023 14:49;3.072 Bytes;"8.2.0.0"
"policy.7.10.Devart.Data.PostgreSql.dll";"C:\ProgramData\Devart\dotConnect\PostgreSQL\";14.11.2023 14:49;3.072 Bytes;"8.2.0.0"
"policy.7.9.Devart.Data.PostgreSql.dll";"C:\ProgramData\Devart\dotConnect\PostgreSQL\";14.11.2023 14:49;3.072 Bytes;"8.2.0.0"
"policy.7.8.Devart.Data.PostgreSql.dll";"C:\ProgramData\Devart\dotConnect\PostgreSQL\";14.11.2023 14:49;3.072 Bytes;"8.2.0.0"
"policy.7.7.Devart.Data.PostgreSql.dll";"C:\ProgramData\Devart\dotConnect\PostgreSQL\";14.11.2023 14:49;3.072 Bytes;"8.2.0.0"
"policy.7.6.Devart.Data.PostgreSql.dll";"C:\ProgramData\Devart\dotConnect\PostgreSQL\";14.11.2023 14:49;3.072 Bytes;"8.2.0.0"
"policy.7.5.Devart.Data.PostgreSql.dll";"C:\ProgramData\Devart\dotConnect\PostgreSQL\";14.11.2023 14:49;3.072 Bytes;"8.2.0.0"
"policy.7.4.Devart.Data.PostgreSql.dll";"C:\ProgramData\Devart\dotConnect\PostgreSQL\";14.11.2023 14:49;3.072 Bytes;"8.2.0.0"
"policy.7.3.Devart.Data.PostgreSql.dll";"C:\ProgramData\Devart\dotConnect\PostgreSQL\";14.11.2023 14:49;3.072 Bytes;"8.2.0.0"
"policy.7.2.Devart.Data.PostgreSql.dll";"C:\ProgramData\Devart\dotConnect\PostgreSQL\";14.11.2023 14:49;3.072 Bytes;"8.2.0.0"
"policy.7.1.Devart.Data.PostgreSql.dll";"C:\ProgramData\Devart\dotConnect\PostgreSQL\";14.11.2023 14:49;3.072 Bytes;"8.2.0.0"
"policy.7.0.Devart.Data.PostgreSql.dll";"C:\ProgramData\Devart\dotConnect\PostgreSQL\";14.11.2023 14:49;3.072 Bytes;"8.2.0.0"
"policy.6.8.Devart.Data.PostgreSql.dll";"C:\ProgramData\Devart\dotConnect\PostgreSQL\";14.11.2023 14:49;3.072 Bytes;"8.2.0.0"
"policy.6.7.Devart.Data.PostgreSql.dll";"C:\ProgramData\Devart\dotConnect\PostgreSQL\";14.11.2023 14:49;3.072 Bytes;"8.2.0.0"
"policy.6.6.Devart.Data.PostgreSql.dll";"C:\ProgramData\Devart\dotConnect\PostgreSQL\";14.11.2023 14:49;3.072 Bytes;"8.2.0.0"
"policy.6.5.Devart.Data.PostgreSql.dll";"C:\ProgramData\Devart\dotConnect\PostgreSQL\";14.11.2023 14:49;3.072 Bytes;"8.2.0.0"
"policy.6.4.Devart.Data.PostgreSql.dll";"C:\ProgramData\Devart\dotConnect\PostgreSQL\";14.11.2023 14:49;3.072 Bytes;"8.2.0.0"
"policy.6.3.Devart.Data.PostgreSql.dll";"C:\ProgramData\Devart\dotConnect\PostgreSQL\";14.11.2023 14:49;3.072 Bytes;"8.2.0.0"
"policy.6.2.Devart.Data.PostgreSql.dll";"C:\ProgramData\Devart\dotConnect\PostgreSQL\";14.11.2023 14:49;3.072 Bytes;"8.2.0.0"
"policy.6.1.Devart.Data.PostgreSql.dll";"C:\ProgramData\Devart\dotConnect\PostgreSQL\";14.11.2023 14:49;3.072 Bytes;"8.2.0.0"
"policy.6.0.Devart.Data.PostgreSql.dll";"C:\ProgramData\Devart\dotConnect\PostgreSQL\";14.11.2023 14:49;3.072 Bytes;"8.2.0.0"
"policy.5.70.Devart.Data.PostgreSql.dll";"C:\ProgramData\Devart\dotConnect\PostgreSQL\";14.11.2023 14:49;3.072 Bytes;"8.2.0.0"
"policy.5.60.Devart.Data.PostgreSql.dll";"C:\ProgramData\Devart\dotConnect\PostgreSQL\";14.11.2023 14:49;3.072 Bytes;"8.2.0.0"
"policy.5.50.Devart.Data.PostgreSql.dll";"C:\ProgramData\Devart\dotConnect\PostgreSQL\";14.11.2023 14:49;3.072 Bytes;"8.2.0.0"
"policy.5.30.Devart.Data.PostgreSql.dll";"C:\ProgramData\Devart\dotConnect\PostgreSQL\";14.11.2023 14:49;3.072 Bytes;"8.2.0.0"
"policy.5.10.Devart.Data.PostgreSql.dll";"C:\ProgramData\Devart\dotConnect\PostgreSQL\";14.11.2023 14:49;3.072 Bytes;"8.2.0.0"
"policy.5.0.Devart.Data.PostgreSql.dll";"C:\ProgramData\Devart\dotConnect\PostgreSQL\";14.11.2023 14:49;3.072 Bytes;"8.2.0.0"
"policy.4.95.Devart.Data.PostgreSql.dll";"C:\ProgramData\Devart\dotConnect\PostgreSQL\";14.11.2023 14:49;3.072 Bytes;"8.2.0.0"
"policy.4.90.Devart.Data.PostgreSql.dll";"C:\ProgramData\Devart\dotConnect\PostgreSQL\";14.11.2023 14:49;3.072 Bytes;"8.2.0.0"
"policy.4.85.Devart.Data.PostgreSql.dll";"C:\ProgramData\Devart\dotConnect\PostgreSQL\";14.11.2023 14:49;3.072 Bytes;"8.2.0.0"
"policy.4.65.Devart.Data.PostgreSql.dll";"C:\ProgramData\Devart\dotConnect\PostgreSQL\";14.11.2023 14:49;3.072 Bytes;"8.2.0.0"
"policy.4.55.Devart.Data.PostgreSql.dll";"C:\ProgramData\Devart\dotConnect\PostgreSQL\";14.11.2023 14:49;3.072 Bytes;"8.2.0.0"
"policy.4.20.Devart.Data.PostgreSql.dll";"C:\ProgramData\Devart\dotConnect\PostgreSQL\";14.11.2023 14:49;3.072 Bytes;"8.2.0.0"
"policy.4.0.Devart.Data.PostgreSql.dll";"C:\ProgramData\Devart\dotConnect\PostgreSQL\";14.11.2023 14:49;3.072 Bytes;"8.2.0.0"
"policy.5.80.Devart.Data.PostgreSql.dll";"C:\ProgramData\Devart\dotConnect\PostgreSQL\";14.11.2023 14:49;3.072 Bytes;"8.2.0.0"
"Devart.Data.PostgreSql.dll";"C:\Program Files\Common Files\Devart\dotConnect\NET4\";14.11.2023 14:49;1.145.000 Bytes;"8.2.0.0"
